{
    "name": "root",
    "gauges": {
        "ArcadeDriver.Policy.Entropy.mean": {
            "value": 1.5662147998809814,
            "min": 1.3380476236343384,
            "max": 1.7181607484817505,
            "count": 197
        },
        "ArcadeDriver.Policy.Entropy.sum": {
            "value": 1522.36083984375,
            "min": 1038.6123046875,
            "max": 1972.6470947265625,
            "count": 197
        },
        "ArcadeDriver.Policy.ExtrinsicValueEstimate.mean": {
            "value": 6.410624027252197,
            "min": 4.684841632843018,
            "max": 7.759840488433838,
            "count": 197
        },
        "ArcadeDriver.Policy.ExtrinsicValueEstimate.sum": {
            "value": 115.3912353515625,
            "min": 65.58778381347656,
            "max": 132.79873657226562,
            "count": 197
        },
        "ArcadeDriver.Environment.EpisodeLength.mean": {
            "value": 204.66666666666666,
            "min": 15.0,
            "max": 2499.0,
            "count": 134
        },
        "ArcadeDriver.Environment.EpisodeLength.sum": {
            "value": 614.0,
            "min": 15.0,
            "max": 5106.0,
            "count": 134
        },
        "ArcadeDriver.Environment.CumulativeReward.mean": {
            "value": 12.640685617923737,
            "min": -4.586494445800781,
            "max": 208.89039826393127,
            "count": 136
        },
        "ArcadeDriver.Environment.CumulativeReward.sum": {
            "value": 37.92205685377121,
            "min": -4.586494445800781,
            "max": 414.65529431402683,
            "count": 136
        },
        "ArcadeDriver.Policy.ExtrinsicReward.mean": {
            "value": 12.640685617923737,
            "min": -4.586494445800781,
            "max": 208.89039826393127,
            "count": 136
        },
        "ArcadeDriver.Policy.ExtrinsicReward.sum": {
            "value": 37.92205685377121,
            "min": -4.586494445800781,
            "max": 414.65529431402683,
            "count": 136
        },
        "ArcadeDriver.IsTraining.mean": {
            "value": 1.0,
            "min": 1.0,
            "max": 1.0,
            "count": 197
        },
        "ArcadeDriver.IsTraining.sum": {
            "value": 1.0,
            "min": 1.0,
            "max": 1.0,
            "count": 197
        },
        "ArcadeDriver.Losses.PolicyLoss.mean": {
            "value": 0.03877370933769271,
            "min": 0.03027990603198608,
            "max": 0.040083743166178465,
            "count": 19
        },
        "ArcadeDriver.Losses.PolicyLoss.sum": {
            "value": 0.03877370933769271,
            "min": 0.03027990603198608,
            "max": 0.040083743166178465,
            "count": 19
        },
        "ArcadeDriver.Losses.ValueLoss.mean": {
            "value": 0.6021282881498337,
            "min": 0.23348710238933562,
            "max": 0.9849142879247665,
            "count": 19
        },
        "ArcadeDriver.Losses.ValueLoss.sum": {
            "value": 0.6021282881498337,
            "min": 0.23348710238933562,
            "max": 0.9849142879247665,
            "count": 19
        },
        "ArcadeDriver.Policy.LearningRate.mean": {
            "value": 0.00019999612638593687,
            "min": 0.00019999612638593687,
            "max": 0.00019999686662556675,
            "count": 19
        },
        "ArcadeDriver.Policy.LearningRate.sum": {
            "value": 0.00019999612638593687,
            "min": 0.00019999612638593687,
            "max": 0.00019999686662556675,
            "count": 19
        },
        "ArcadeDriver.Policy.Epsilon.mean": {
            "value": 0.199998063192,
            "min": 0.199998063192,
            "max": 0.199998433312,
            "count": 19
        },
        "ArcadeDriver.Policy.Epsilon.sum": {
            "value": 0.199998063192,
            "min": 0.199998063192,
            "max": 0.199998433312,
            "count": 19
        },
        "ArcadeDriver.Policy.Beta.mean": {
            "value": 0.004999903353280801,
            "min": 0.004999903353280801,
            "max": 0.004999921822268802,
            "count": 19
        },
        "ArcadeDriver.Policy.Beta.sum": {
            "value": 0.004999903353280801,
            "min": 0.004999903353280801,
            "max": 0.004999921822268802,
            "count": 19
        }
    },
    "metadata": {
        "timer_format_version": "0.1.0",
        "start_time_seconds": "1622687525",
        "python_version": "3.8.8 (tags/v3.8.8:024d805, Feb 19 2021, 13:18:16) [MSC v.1928 64 bit (AMD64)]",
        "command_line_arguments": "D:\\Games\\My Games\\UIT-Go-Kart\\venv\\Scripts\\mlagents-learn Assets\\Karting\\Prefabs\\AI\\updated_kart_trainer_config.yaml --resume --run-id=demo-track-2",
        "mlagents_version": "0.24.0",
        "mlagents_envs_version": "0.24.0",
        "communication_protocol_version": "1.4.0",
        "pytorch_version": "1.7.1+cu110",
        "numpy_version": "1.20.3",
        "end_time_seconds": "1622689041"
    },
    "total": 1515.8590221,
    "count": 1,
    "self": 0.04372790000002169,
    "children": {
        "run_training.setup": {
            "total": 1.1151784000000013,
            "count": 1,
            "self": 1.1151784000000013
        },
        "TrainerController.start_learning": {
            "total": 1514.7001157999998,
            "count": 1,
            "self": 1.5147939000228234,
            "children": {
                "TrainerController._reset_env": {
                    "total": 46.72596800000001,
                    "count": 1,
                    "self": 46.72596800000001
                },
                "TrainerController.advance": {
                    "total": 1463.2170761999769,
                    "count": 33142,
                    "self": 0.7968144999636024,
                    "children": {
                        "env_step": {
                            "total": 1462.4202617000133,
                            "count": 33142,
                            "self": 1345.5652221000182,
                            "children": {
                                "SubprocessEnvManager._take_step": {
                                    "total": 116.01347800000701,
                                    "count": 33142,
                                    "self": 3.5910097000369774,
                                    "children": {
                                        "TorchPolicy.evaluate": {
                                            "total": 112.42246829997003,
                                            "count": 32992,
                                            "self": 21.25689089996021,
                                            "children": {
                                                "TorchPolicy.sample_actions": {
                                                    "total": 91.16557740000982,
                                                    "count": 32992,
                                                    "self": 91.16557740000982
                                                }
                                            }
                                        }
                                    }
                                },
                                "workers": {
                                    "total": 0.8415615999879549,
                                    "count": 33141,
                                    "self": 0.0,
                                    "children": {
                                        "worker_root": {
                                            "total": 1465.4848790999854,
                                            "count": 33141,
                                            "is_parallel": true,
                                            "self": 203.46747699999514,