{
    "name": "root",
    "gauges": {
        "ArcadeDriver.Policy.Entropy.mean": {
            "value": 1.529261827468872,
            "min": 1.4925304651260376,
            "max": 1.7972412109375,
            "count": 185
        },
        "ArcadeDriver.Policy.Entropy.sum": {
            "value": 1523.144775390625,
            "min": 1048.2288818359375,
            "max": 2316.73486328125,
            "count": 185
        },
        "ArcadeDriver.Policy.ExtrinsicValueEstimate.mean": {
            "value": 4.510782241821289,
            "min": 2.6118528842926025,
            "max": 6.4677348136901855,
            "count": 185
        },
        "ArcadeDriver.Policy.ExtrinsicValueEstimate.sum": {
            "value": 81.19408416748047,
            "min": 47.826778411865234,
            "max": 116.41922760009766,
            "count": 185
        },
        "ArcadeDriver.Environment.EpisodeLength.mean": {
            "value": 309.6666666666667,
            "min": 65.66666666666667,
            "max": 815.0,
            "count": 179
        },
        "ArcadeDriver.Environment.EpisodeLength.sum": {
            "value": 929.0,
            "min": 74.0,
            "max": 3437.0,
            "count": 179
        },
        "ArcadeDriver.Environment.CumulativeReward.mean": {
            "value": 21.084229290485382,
            "min": 1.2608781854311626,
            "max": 61.83141362667084,
            "count": 178
        },
        "ArcadeDriver.Environment.CumulativeReward.sum": {
            "value": 63.252687871456146,
            "min": 1.6288434267044067,
            "max": 202.5567580461502,
            "count": 178
        },
        "ArcadeDriver.Policy.ExtrinsicReward.mean": {
            "value": 21.084229290485382,
            "min": 1.2608781854311626,
            "max": 61.83141362667084,
            "count": 178
        },
        "ArcadeDriver.Policy.ExtrinsicReward.sum": {
            "value": 63.252687871456146,
            "min": 1.6288434267044067,
            "max": 202.5567580461502,
            "count": 178
        },
        "ArcadeDriver.IsTraining.mean": {
            "value": 1.0,
            "min": 1.0,
            "max": 1.0,
            "count": 185
        },
        "ArcadeDriver.IsTraining.sum": {
            "value": 1.0,
            "min": 1.0,
            "max": 1.0,
            "count": 185
        },
        "ArcadeDriver.Losses.PolicyLoss.mean": {
            "value": 0.03759409146926676,
            "min": 0.02657686947689702,
            "max": 0.04195581480550269,
            "count": 17
        },
        "ArcadeDriver.Losses.PolicyLoss.sum": {
            "value": 0.03759409146926676,
            "min": 0.02657686947689702,
            "max": 0.04195581480550269,
            "count": 17
        },
        "ArcadeDriver.Losses.ValueLoss.mean": {
            "value": 0.7919602776567142,
            "min": 0.5744540080428123,
            "max": 1.495681917667389,
            "count": 17
        },
        "ArcadeDriver.Losses.ValueLoss.sum": {
            "value": 0.7919602776567142,
            "min": 0.5744540080428123,
            "max": 1.495681917667389,
            "count": 17
        },
        "ArcadeDriver.Policy.LearningRate.mean": {
            "value": 0.00019999758071720963,
            "min": 0.00019999758071720963,
            "max": 0.00019999823832488086,
            "count": 17
        },
        "ArcadeDriver.Policy.LearningRate.sum": {
            "value": 0.00019999758071720963,
            "min": 0.00019999758071720963,
            "max": 0.00019999823832488086,
            "count": 17
        },
        "ArcadeDriver.Policy.Epsilon.mean": {
            "value": 0.19999879035800003,
            "min": 0.19999879035800003,
            "max": 0.199999119162,
            "count": 17
        },
        "ArcadeDriver.Policy.Epsilon.sum": {
            "value": 0.19999879035800003,
            "min": 0.19999879035800003,
            "max": 0.199999119162,
            "count": 17
        },
        "ArcadeDriver.Policy.Beta.mean": {
            "value": 0.0049999396388642,
            "min": 0.0049999396388642,
            "max": 0.004999956046183801,
            "count": 17
        },
        "ArcadeDriver.Policy.Beta.sum": {
            "value": 0.0049999396388642,
            "min": 0.0049999396388642,
            "max": 0.004999956046183801,
            "count": 17
        }
    },
    "metadata": {
        "timer_format_version": "0.1.0",
        "start_time_seconds": "1622631135",
        "python_version": "3.8.8 (tags/v3.8.8:024d805, Feb 19 2021, 13:18:16) [MSC v.1928 64 bit (AMD64)]",
        "command_line_arguments": "D:\\Games\\My Games\\UIT-Go-Kart\\venv\\Scripts\\mlagents-learn Assets\\Karting\\Prefabs\\AI\\updated_kart_trainer_config.yaml --resume --run-id=demo-track-2",
        "mlagents_version": "0.24.0",
        "mlagents_envs_version": "0.24.0",
        "communication_protocol_version": "1.4.0",
        "pytorch_version": "1.7.1+cu110",
        "numpy_version": "1.20.3",
        "end_time_seconds": "1622632462"
    },
    "total": 1326.6693516999999,
    "count": 1,
    "self": 0.2996354999997948,
    "children": {
        "run_training.setup": {
            "total": 1.4445203000000006,
            "count": 1,
            "self": 1.4445203000000006
        },
        "TrainerController.start_learning": {
            "total": 1324.9251959,
            "count": 1,
            "self": 1.8856131999964418,
            "children": {
                "TrainerController._reset_env": {
                    "total": 11.887200999999997,
                    "count": 1,
                    "self": 11.887200999999997
                },
                "TrainerController.advance": {
                    "total": 1310.0674790000035,
                    "count": 31364,
                    "self": 0.731612900010532,
                    "children": {
                        "env_step": {
                            "total": 1309.335866099993,
                            "count": 31364,
                            "self": 1202.748606099965,
                            "children": {
                                "SubprocessEnvManager._take_step": {
                                    "total": 105.80510610001667,
                                    "count": 31364,
                                    "self": 3.3481189000025324,
                                    "children": {
                                        "TorchPolicy.evaluate": {
                                            "total": 102.45698720001414,
                                            "count": 30917,
                                            "self": 19.754251100012794,
                                            "children": {
                                                "TorchPolicy.sample_actions": {
                                                    "total": 82.70273610000135,
                                                    "count": 30917,
                                                    "self": 82.70273610000135
                                                }
                                            }
                                        }
                                    }
                                },
                                "workers": {
                                    "total": 0.7821539000112736,
                                    "count": 31363,
                                    "self": 0.0,
                                    "children": {
                                        "worker_root": {
                                            "total": 1311.0356090000018,
                                            "count": 31363,
                                            "is_parallel": true,
                                            "self": 178.89381690000118,