{
    "name": "root",
    "gauges": {
        "ArcadeDriver.Policy.Entropy.mean": {
            "value": 1.836763620376587,
            "min": 1.8333982229232788,
            "max": 2.082756280899048,
            "count": 67
        },
        "ArcadeDriver.Policy.Entropy.sum": {
            "value": 1858.8048095703125,
            "min": 1824.71337890625,
            "max": 2176.704345703125,
            "count": 67
        },
        "ArcadeDriver.Environment.EpisodeLength.mean": {
            "value": 67.72727272727273,
            "min": 20.91111111111111,
            "max": 70.64285714285714,
            "count": 67
        },
        "ArcadeDriver.Environment.EpisodeLength.sum": {
            "value": 745.0,
            "min": 607.0,
            "max": 1281.0,
            "count": 67
        },
        "ArcadeDriver.Policy.ExtrinsicValueEstimate.mean": {
            "value": 1.0470634698867798,
            "min": -3.3516767024993896,
            "max": 1.9605460166931152,
            "count": 67
        },
        "ArcadeDriver.Policy.ExtrinsicValueEstimate.sum": {
            "value": 21.988332748413086,
            "min": -121.60409545898438,
            "max": 52.93474197387695,
            "count": 67
        },
        "ArcadeDriver.Environment.CumulativeReward.mean": {
            "value": 14.12758284536275,
            "min": -5.853556423717075,
            "max": 14.12758284536275,
            "count": 67
        },
        "ArcadeDriver.Environment.CumulativeReward.sum": {
            "value": 155.40341129899025,
            "min": -263.4100390672684,
            "max": 247.96612966060638,
            "count": 67
        },
        "ArcadeDriver.Policy.ExtrinsicReward.mean": {
            "value": 14.12758284536275,
            "min": -5.853556423717075,
            "max": 14.12758284536275,
            "count": 67
        },
        "ArcadeDriver.Policy.ExtrinsicReward.sum": {
            "value": 155.40341129899025,
            "min": -263.4100390672684,
            "max": 247.96612966060638,
            "count": 67
        },
        "ArcadeDriver.IsTraining.mean": {
            "value": 1.0,
            "min": 1.0,
            "max": 1.0,
            "count": 67
        },
        "ArcadeDriver.IsTraining.sum": {
            "value": 1.0,
            "min": 1.0,
            "max": 1.0,
            "count": 67
        },
        "ArcadeDriver.Losses.PolicyLoss.mean": {
            "value": 0.03685550020697216,
            "min": 0.032048652926459906,
            "max": 0.03685550020697216,
            "count": 6
        },
        "ArcadeDriver.Losses.PolicyLoss.sum": {
            "value": 0.03685550020697216,
            "min": 0.032048652926459906,
            "max": 0.03685550020697216,
            "count": 6
        },
        "ArcadeDriver.Losses.ValueLoss.mean": {
            "value": 16.0650528271993,
            "min": 9.114896631240844,
            "max": 16.0650528271993,
            "count": 6
        },
        "ArcadeDriver.Losses.ValueLoss.sum": {
            "value": 16.0650528271993,
            "min": 9.114896631240844,
            "max": 16.0650528271993,
            "count": 6
        },
        "ArcadeDriver.Policy.LearningRate.mean": {
            "value": 0.00019999975386412308,
            "min": 0.00019999975386412308,
            "max": 0.0001999999590120205,
            "count": 6
        },
        "ArcadeDriver.Policy.LearningRate.sum": {
            "value": 0.00019999975386412308,
            "min": 0.00019999975386412308,
            "max": 0.0001999999590120205,
            "count": 6
        },
        "ArcadeDriver.Policy.Epsilon.mean": {
            "value": 0.19999987693200003,
            "min": 0.19999987693200003,
            "max": 0.19999997950600001,
            "count": 6
        },
        "ArcadeDriver.Policy.Epsilon.sum": {
            "value": 0.19999987693200003,
            "min": 0.19999987693200003,
            "max": 0.19999997950600001,
            "count": 6
        },
        "ArcadeDriver.Policy.Beta.mean": {
            "value": 0.004999993858906801,
            "min": 0.004999993858906801,
            "max": 0.004999998977349399,
            "count": 6
        },
        "ArcadeDriver.Policy.Beta.sum": {
            "value": 0.004999993858906801,
            "min": 0.004999993858906801,
            "max": 0.004999998977349399,
            "count": 6
        }
    },
    "metadata": {
        "timer_format_version": "0.1.0",
        "start_time_seconds": "1621865532",
        "python_version": "3.8.8 (tags/v3.8.8:024d805, Feb 19 2021, 13:18:16) [MSC v.1928 64 bit (AMD64)]",
        "command_line_arguments": "D:\\Games\\My Games\\UIT-Go-Kart\\venv\\Scripts\\mlagents-learn Assets\\Karting\\Prefabs\\AI\\updated_kart_trainer_config.yaml --force --run-id=demo-track-1",
        "mlagents_version": "0.24.0",
        "mlagents_envs_version": "0.24.0",
        "communication_protocol_version": "1.4.0",
        "pytorch_version": "1.7.1+cu110",
        "numpy_version": "1.20.3",
        "end_time_seconds": "1621867531"
    },
    "total": 1999.289436,
    "count": 1,
    "self": 0.037181899999950474,
    "children": {
        "run_training.setup": {
            "total": 0.1302068999999999,
            "count": 1,
            "self": 0.1302068999999999
        },
        "TrainerController.start_learning": {
            "total": 1999.1220472,
            "count": 1,
            "self": 3.0381580000096164,
            "children": {
                "TrainerController._reset_env": {
                    "total": 4.6679398,
                    "count": 1,
                    "self": 4.6679398
                },
                "TrainerController.advance": {
                    "total": 1990.9438440999904,
                    "count": 69055,
                    "self": 1.4564298999812308,
                    "children": {
                        "env_step": {
                            "total": 1989.4874142000092,
                            "count": 69055,
                            "self": 1818.396619600017,
                            "children": {
                                "SubprocessEnvManager._take_step": {
                                    "total": 169.52704299999704,
                                    "count": 69055,
                                    "self": 6.13608719996887,
                                    "children": {
                                        "TorchPolicy.evaluate": {
                                            "total": 163.39095580002817,
                                            "count": 67264,
                                            "self": 33.62730840002013,
                                            "children": {
                                                "TorchPolicy.sample_actions": {
                                                    "total": 129.76364740000804,
                                                    "count": 67264,
                                                    "self": 129.76364740000804
                                                }
                                            }
                                        }
                                    }
                                },
                                "workers": {
                                    "total": 1.5637515999951868,
                                    "count": 69054,
                                    "self": 0.0,
                                    "children": {
                                        "worker_root": {
                                            "total": 1990.4471211999996,
                                            "count": 69054,
                                            "is_parallel": true,
                                            "self": 286.6287148999818,